{
    "index": 0,
    "name": "Instrument 1",
    "presetName": "FACTORY pad dreamy",
    "oscillators": [
        {
            "enabled": true,
            "waveform": "TRIANGLE",
            "table": 0,
            "sample": "",
            "volume": 0.9212598425196851,
            "detune": 0.39370078740157055,
            "octaveShift": 1,
            "fineShift": 0,
            "adsr": {
                "attack": 0,
                "decay": 0,
                "sustain": 0.75,
                "release": 0.02
            },
            "pitch": {
                "range": 0,
                "attack": 0,
                "decay": 1,
                "sustain": 0.75,
                "release": 0
            }
        },
        {
            "enabled": true,
            "waveform": "SINE",
            "table": 0,
            "sample": "",
            "volume": 0.5,
            "detune": 12.1,
            "octaveShift": 0,
            "fineShift": 3,
            "adsr": {
                "attack": 0,
                "decay": 0,
                "sustain": 0.75,
                "release": 0.02
            },
            "pitch": {
                "range": 0,
                "attack": 0,
                "decay": 1,
                "sustain": 0.75,
                "release": 0
            }
        },
        {
            "enabled": true,
            "waveform": "CUSTOM",
            "table": [
                0,
                -0.0038909912109375,
                -0.007781982421875,
                -0.0116729736328125,
                -0.01556396484375,
                -0.0194549560546875,
                -0.023345947265625,
                -0.0272369384765625,
                -0.0311279296875,
                -0.0350189208984375,
                -0.038909912109375,
                -0.0428009033203125,
                -0.04669189453125,
                -0.0505828857421875,
                -0.054473876953125,
                -0.0583648681640625,
                -0.062255859375,
                -0.0661468505859375,
                -0.070037841796875,
                -0.0739288330078125,
                -0.07781982421875,
                -0.0817108154296875,
                -0.085601806640625,
                -0.0894927978515625,
                -0.0933837890625,
                -0.0972747802734375,
                -0.101165771484375,
                -0.1050567626953125,
                -0.10894775390625,
                -0.1128387451171875,
                -0.116729736328125,
                -0.1206207275390625,
                -0.12451171875,
                -0.1284027099609375,
                -0.132293701171875,
                -0.1361846923828125,
                -0.14007568359375,
                -0.1439666748046875,
                -0.147857666015625,
                -0.1517486572265625,
                -0.1556396484375,
                -0.1595306396484375,
                -0.163421630859375,
                -0.1673126220703125,
                -0.17120361328125,
                -0.1750946044921875,
                -0.178985595703125,
                -0.1828765869140625,
                -0.186767578125,
                -0.1906585693359375,
                -0.194549560546875,
                -0.1984405517578125,
                -0.20233154296875,
                -0.2062225341796875,
                -0.210113525390625,
                -0.2140045166015625,
                -0.2178955078125,
                -0.2217864990234375,
                -0.225677490234375,
                -0.2295684814453125,
                -0.23345947265625,
                -0.2373504638671875,
                -0.241241455078125,
                -0.2451324462890625,
                -0.2490234375,
                -0.2529144287109375,
                -0.256805419921875,
                -0.2606964111328125,
                -0.26458740234375,
                -0.2684783935546875,
                -0.272369384765625,
                -0.2762603759765625,
                -0.2801513671875,
                -0.2840423583984375,
                -0.287933349609375,
                -0.2918243408203125,
                -0.29571533203125,
                -0.2996063232421875,
                -0.303497314453125,
                -0.3073883056640625,
                -0.311279296875,
                -0.3151702880859375,
                -0.319061279296875,
                -0.3229522705078125,
                -0.32684326171875,
                -0.3307342529296875,
                -0.334625244140625,
                -0.3385162353515625,
                -0.3424072265625,
                -0.3462982177734375,
                -0.350189208984375,
                -0.3540802001953125,
                -0.35797119140625,
                -0.3618621826171875,
                -0.365753173828125,
                -0.3696441650390625,
                -0.37353515625,
                -0.3774261474609375,
                -0.381317138671875,
                -0.3852081298828125,
                -0.38909912109375,
                -0.3929901123046875,
                -0.396881103515625,
                -0.4007720947265625,
                -0.4046630859375,
                -0.4085540771484375,
                -0.412445068359375,
                -0.4163360595703125,
                -0.42022705078125,
                -0.4241180419921875,
                -0.428009033203125,
                -0.4319000244140625,
                -0.435791015625,
                -0.4396820068359375,
                -0.443572998046875,
                -0.4474639892578125,
                -0.45135498046875,
                -0.4552459716796875,
                -0.459136962890625,
                -0.4630279541015625,
                -0.4669189453125,
                -0.4708099365234375,
                -0.474700927734375,
                -0.4785919189453125,
                -0.48248291015625,
                -0.4863739013671875,
                -0.490264892578125,
                -0.4941558837890625,
                -0.498046875,
                -0.5019378662109375,
                -0.505828857421875,
                -0.5097198486328125,
                -0.51361083984375,
                -0.5175018310546875,
                -0.521392822265625,
                -0.5252838134765625,
                -0.5291748046875,
                -0.5330657958984375,
                -0.536956787109375,
                -0.5408477783203125,
                -0.54473876953125,
                -0.5486297607421875,
                -0.552520751953125,
                -0.5564117431640625,
                -0.560302734375,
                -0.5641937255859375,
                -0.568084716796875,
                -0.5719757080078125,
                -0.57586669921875,
                -0.5797576904296875,
                -0.583648681640625,
                -0.5875396728515625,
                -0.5914306640625,
                -0.5953216552734375,
                -0.599212646484375,
                -0.6031036376953125,
                -0.60699462890625,
                -0.6108856201171875,
                -0.614776611328125,
                -0.6186676025390625,
                -0.62255859375,
                -0.6264495849609375,
                -0.630340576171875,
                -0.6342315673828125,
                -0.63812255859375,
                -0.6420135498046875,
                -0.645904541015625,
                -0.6497955322265625,
                -0.6536865234375,
                -0.6575775146484375,
                -0.661468505859375,
                -0.6653594970703125,
                -0.66925048828125,
                -0.6731414794921875,
                -0.677032470703125,
                -0.6809234619140625,
                -0.684814453125,
                -0.6887054443359375,
                -0.692596435546875,
                -0.6964874267578125,
                -0.70037841796875,
                -0.7042694091796875,
                -0.708160400390625,
