{
  "index": 0,
  "name": "Instrument 1",
  "presetName": "FACTORY pad moody choir",
  "volume": 0.34,
  "delay": {
    "enabled": true,
    "type": 0,
    "cutoff": 9334,
    "feedback": 0.25,
    "offset": 0.030000000000000027,
    "time": 0.5
  },
  "filter": {
    "enabled": true,
    "depth": 50,
    "frequency": 1032.2,
    "q": 14,
    "speed": 0.5,
    "lfoType": "off",
    "type": "lowpass"
  },
  "oscillators": [
    {
      "enabled": true,
      "adsr": {
        "attack": 0.07,
        "decay": 0.73,
        "sustain": 0.43,
        "release": 0.47
      },
      "detune": -5.9,
      "fineShift": 0,
      "octaveShift": 0,
      "volume": 1,
      "waveform": "TRIANGLE",
      "table": [
        0,
        -0.0038909912109375,
        -0.007781982421875,
        -0.0116729736328125,
        -0.01556396484375,
        -0.0194549560546875,
        -0.023345947265625,
        -0.0272369384765625,
        -0.0311279296875,
        -0.0350189208984375,
        -0.038909912109375,
        -0.0428009033203125,
        -0.04669189453125,
        -0.0505828857421875,
        -0.054473876953125,
        -0.0583648681640625,
        -0.062255859375,
        -0.0661468505859375,
        -0.070037841796875,
        -0.0739288330078125,
        -0.07781982421875,
        -0.0817108154296875,
        -0.085601806640625,
        -0.0894927978515625,
        -0.0933837890625,
        -0.0972747802734375,
        -0.101165771484375,
        -0.1050567626953125,
        -0.10894775390625,
        -0.1128387451171875,
        -0.116729736328125,
        -0.1206207275390625,
        -0.12451171875,
        -0.1284027099609375,
        -0.132293701171875,
        -0.1361846923828125,
        -0.14007568359375,
        -0.1439666748046875,
        -0.147857666015625,
        -0.1517486572265625,
        -0.1556396484375,
        -0.1595306396484375,
        -0.163421630859375,
        -0.1673126220703125,
        -0.17120361328125,
        -0.1750946044921875,
        -0.178985595703125,
        -0.1828765869140625,
        -0.186767578125,
        -0.1906585693359375,
        -0.194549560546875,
        -0.1984405517578125,
        -0.20233154296875,
        -0.2062225341796875,
        -0.210113525390625,
        -0.2140045166015625,
        -0.2178955078125,
        -0.2217864990234375,
        -0.225677490234375,
        -0.2295684814453125,
        -0.23345947265625,
        -0.2373504638671875,
        -0.241241455078125,
        -0.2451324462890625,
        -0.2490234375,
        -0.2529144287109375,
        -0.256805419921875,
        -0.2606964111328125,
        -0.26458740234375,
        -0.2684783935546875,
        -0.272369384765625,
        -0.2762603759765625,
        -0.2801513671875,
        -0.2840423583984375,
        -0.287933349609375,
        -0.2918243408203125,
        -0.29571533203125,
        -0.2996063232421875,
        -0.303497314453125,
        -0.3073883056640625,
        -0.311279296875,
        -0.3151702880859375,
        -0.319061279296875,
        -0.3229522705078125,
        -0.32684326171875,
        -0.3307342529296875,
        -0.334625244140625,
        -0.3385162353515625,
        -0.3424072265625,
        -0.3462982177734375,
        -0.350189208984375,
        -0.3540802001953125,
        -0.35797119140625,
        -0.3618621826171875,
        -0.365753173828125,
        -0.3696441650390625,
        -0.37353515625,
        -0.3774261474609375,
        -0.381317138671875,
        -0.3852081298828125,
        -0.38909912109375,
        -0.3929901123046875,
        -0.396881103515625,
        -0.4007720947265625,
        -0.4046630859375,
        -0.4085540771484375,
        -0.412445068359375,
        -0.4163360595703125,
        -0.42022705078125,
        -0.4241180419921875,
        -0.428009033203125,
        -0.4319000244140625,
        -0.435791015625,
        -0.4396820068359375,
        -0.443572998046875,
        -0.4474639892578125,
        -0.45135498046875,
        -0.4552459716796875,
        -0.459136962890625,
        -0.4630279541015625,
        -0.4669189453125,
        -0.4708099365234375,
        -0.474700927734375,
        -0.4785919189453125,
        -0.48248291015625,
        -0.4863739013671875,
        -0.490264892578125,
        -0.4941558837890625,
        -0.498046875,
        -0.5019378662109375,
        -0.75,
        -0.72,
        -0.7,
        -0.69,
        -0.6799999999999999,
        -0.6699999999999999,
        -0.6599999999999999,
        -0.6499999999999999,
        -0.6399999999999999,
        -0.6299999999999999,
        -0.6200000000000001,
        -0.6100000000000001,
        -0.6000000000000001,
        -0.5900000000000001,
        -0.5800000000000001,
        -0.5700000000000001,
        -0.55,
        -0.54,
        -0.53,
        -0.52,
        -0.51,
        -0.49,
        -0.48,
        -0.47,
        -0.45999999999999996,
        -0.44999999999999996,
        -0.43999999999999995,
        -0.42999999999999994,
        -0.41999999999999993,
        -0.4099999999999999,
        -0.3999999999999999,
        -0.3899999999999999,
        -0.3799999999999999,
        -0.3700000000000001,
        -0.3600000000000001,
        -0.3500000000000001,
        -0.3400000000000001,
        -0.33000000000000007,
        -0.32000000000000006,
        -0.31000000000000005,
        -0.30000000000000004,
        -0.29000000000000004,
        -0.28,
        -0.27,
        -0.26,
        -0.25,
        -0.24,
        -0.24,
        -0.22999999999999998,
        -0.21999999999999997,
        -0.20999999999999996,
        -0.19999999999999996,
        -0.18999999999999995,
        -0.17999999999999994,
        -0.16999999999999993,
        -0.15999999999999992,
        -0.1499999999999999,
        -0.1399999999999999,
        -0.1299999999999999,
        -0.1200000000000001,
        -0.1100000000000001,
        -0.10000000000000009,
        -0.09000000000000008,
        -0.08000000000000007,
        -0.07000000000000006,
        -0.06000000000000005,
        -0.050000000000000044,
        -0.040000000000000036,
        -0.040000000000000036,
        -0.10000000000000009,
        -0.15999999999999992,
        -0.21999999999999997,
        -0.48,
        -0.75,
        -0.75,
        -0.75,
        -0.75,
        -0.76,
        -0.76,
        -0.76,
        -0.77,
        -0.77,
        -0.77,
        -0.78,
        -0.78,
        -0.78,
        -0.78,
        -0.79,
        -0.79,
        -0.79,
        -0.8,
        -0.8,
        -0.8,
        -0.81,
        -0.81,
        -0.81,
        -0.8200000000000001,
        -0.8200000000000001,
        -0.8200000000000001,
        -0.8200000000000001,
        -0.8300000000000001,
        -0.8300000000000001,
        -0.8300000000000001,
        -0.8400000000000001,
        -0.8400000000000001,
        -0.8400000000000001,
        -0.8500000000000001,
        -0.8500000000000001,
        -0.8500000000000001,
        -0.8500000000000001,
        -0.8600000000000001,
        -0.8600000000000001,
        -0.8600000000000001,
        -0.8700000000000001,
        -0.8700000000000001,
        -0.8700000000000001,
        -0.8799999999999999,
        -0.8799999999999999,
        -0.8799999999999999,
        -0.8899999999999999,
        -0.8899999999999999,
        -0.8899999999999999,
        -0.8899999999999999,
        -0.8999999999999999,
        -0.8999999999999999,
        -0.8999999999999999,
        -0.9099999999999999,
        -0.9099999999999999,
        -0.9099999999999999,
        -0.9199999999999999,
        -0.9199999999999999,
        -0.9199999999999999,
        -0.9199999999999999,
        -0.9299999999999999,
        -0.9299999999999999,
        -0.9299999999999999,
        -0.94,
        -0.94,
        -0.94,
        -0.95,
        -0.95,
        -0.95,
        -0.96,
        -0.96,
        -0.96,
        -0.96,
        -0.97,
        -0.97,
        -0.97,
        -0.98,
        -0.98,
        -0.98,
        -0.99,
        -0.99,
