{
  "index": 0,
  "name": "Instrument 1",
  "presetName": "FACTORY bass throaty",
  "volume": 1,
  "delay": {
    "enabled": false,
    "type": 0,
    "cutoff": 880,
    "feedback": 0.5,
    "offset": 0,
    "time": 0.5
  },
  "filter": {
    "enabled": false,
    "depth": 50,
    "frequency": 4811.64,
    "q": 6,
    "speed": 0.5,
    "lfoType": "off",
    "type": "lowpass"
  },
  "oscillators": [
    {
      "enabled": true,
      "adsr": {
        "attack": 0,
        "decay": 0,
        "sustain": 0.57,
        "release": 0
      },
      "detune": 0,
      "fineShift": 0,
      "octaveShift": 0,
      "volume": 1,
      "waveform": "CUSTOM",
      "table": [
        0,
        0,
        0,
        0,
        0,
        0,
        0,
        0,
        0,
        0,
        0,
        0,
        0,
        0,
        0,
        0,
        0,
        0,
        0,
        0,
        0,
        0,
        0,
        0,
        0,
        0,
        0,
        0,
        0,
        0,
        0,
        0,
        0,
        0,
        0,
        0,
        0,
        0,
        0,
        0,
        0,
        0,
        0,
        0,
        0,
        0,
        0,
        0,
        0,
        0,
        0,
        0,
        0,
        0,
        0,
        0,
        0,
        0,
        0,
        0,
        0,
        0,
        0,
        0,
        0,
        0,
        0,
        0,
        0,
        0,
        0,
        0,
        0,
        0,
        0,
        0,
        0,
        0,
        0,
        0,
        0,
        0,
        -0.31000000000000005,
        -0.30000000000000004,
        -0.29000000000000004,
        -0.28,
        -0.27,
        -0.27,
        -0.26,
        -0.25,
        -0.24,
        -0.22999999999999998,
        -0.22999999999999998,
        -0.21999999999999997,
        -0.20999999999999996,
        -0.19999999999999996,
        -0.18999999999999995,
        -0.18999999999999995,
        -0.17999999999999994,
        -0.16999999999999993,
        -0.15999999999999992,
        -0.15999999999999992,
        -0.1499999999999999,
        -0.1399999999999999,
        -0.1299999999999999,
        -0.1299999999999999,
        -0.1200000000000001,
        -0.1100000000000001,
        -0.10000000000000009,
        -0.10000000000000009,
        -0.09000000000000008,
        -0.08000000000000007,
        -0.07000000000000006,
        -0.07000000000000006,
        -0.06000000000000005,
        -0.050000000000000044,
        -0.050000000000000044,
        -0.040000000000000036,
        -0.030000000000000027,
        -0.030000000000000027,
        -0.020000000000000018,
        -0.010000000000000009,
        -0.010000000000000009,
        0,
        0.010000000000000009,
        0.020000000000000018,
        0.020000000000000018,
        0.030000000000000027,
        0.040000000000000036,
        0.040000000000000036,
        0.050000000000000044,
        0.06000000000000005,
        0.06000000000000005,
        0.06999999999999995,
        0.07999999999999996,
        0.07999999999999996,
        0.08999999999999997,
        0.09999999999999998,
        0.09999999999999998,
        0.10999999999999999,
        0.12,
        0.12,
        0.13,
        0.13,
        0.14,
        0.15000000000000002,
        0.15000000000000002,
        0.16000000000000003,
        0.16000000000000003,
        0.17000000000000004,
        0.18000000000000005,
        0.18000000000000005,
        0.18999999999999995,
        0.18999999999999995,
        0.19999999999999996,
        0.19999999999999996,
        0.20999999999999996,
        0.21999999999999997,
        0.21999999999999997,
        0.22999999999999998,
        0.22999999999999998,
        0.24,
        0.25,
        0.25,
        0.26,
        0.26,
        0.27,
        0.27,
        0.28,
        0.29000000000000004,
        0.29000000000000004,
        0.30000000000000004,
        0.30000000000000004,
        0.31000000000000005,
        0.31999999999999995,
        0.31999999999999995,
        0.32999999999999996,
        0.32999999999999996,
        0.33999999999999997,
        0.33999999999999997,
        0.35,
        0.35,
        0.36,
        0.36,
        0.37,
        0.37,
        0.37,
        0.38,
        0.38,
        0.39,
        0.39,
        0.4,
        0.4,
        0.4,
        0.41000000000000003,
        0.41000000000000003,
        0.42000000000000004,
        0.42000000000000004,
        0.42000000000000004,
        0.43000000000000005,
        0.43000000000000005,
        0.43999999999999995,
        0.43999999999999995,
        0.43999999999999995,
        0.44999999999999996,
        0.44999999999999996,
        0.44999999999999996,
        0.45999999999999996,
        0.45999999999999996,
        0.47,
        0.47,
        0.47,
        0.48,
        0.48,
        0.48,
        0.48,
        0.48,
        0.48,
        0.48,
        0.48,
        0.48,
        0.48,
        0.48,
        0.48,
        0.48,
        0.48,
        0.48,
        0.47,
        0.45999999999999996,
        0.44999999999999996,
        0.43000000000000005,
        0.42000000000000004,
        0.41000000000000003,
        0.39,
        0.31000000000000005,
        0.22999999999999998,
        0.14,
        0.07999999999999996,
        0.020000000000000018,
        -0.040000000000000036,
        -0.10000000000000009,
        -0.16999999999999993,
        -0.22999999999999998,
        -0.29000000000000004,
        -0.3500000000000001,
        -0.4099999999999999,
        -0.47,
        -0.49,
        -0.51,
        -0.54,
        -0.56,
        -0.5800000000000001,
        -0.6100000000000001,
        -0.6200000000000001,
        -0.6299999999999999,
        -0.6399999999999999,
        -0.6499999999999999,
        -0.6699999999999999,
        -0.6799999999999999,
        -0.69,
        -0.7,
        -0.72,
        -0.72,
        -0.72,
        -0.72,
        -0.73,
        -0.73,
        -0.73,
        -0.74,
        -0.74,
        -0.74,
        -0.74,
        -0.75,
        -0.75,
        -0.75,
        -0.76,
        -0.75,
        -0.75,
        -0.74,
        -0.74,
        -0.74,
        -0.73,
        -0.73,
        -0.72,
        -0.72,
        -0.72,
        -0.71,
        -0.71,
        -0.7,
        -0.7,
        -0.7,
        -0.69,
        -0.69,
        -0.69,
        -0.6799999999999999,
        -0.6799999999999999,
        -0.6699999999999999,
        -0.6699999999999999,
        -0.6699999999999999,
        -0.6599999999999999,
        -0.6599999999999999,
        -0.6499999999999999,
        -0.6499999999999999,
        -0.6499999999999999,
        -0.6399999999999999,
        -0.6399999999999999,
        -0.6399999999999999,
        -0.6299999999999999,
        -0.6200000000000001,
        -0.6100000000000001,
        -0.6000000000000001,
        -0.6000000000000001,
        -0.5900000000000001,
        -0.5800000000000001,
        -0.5700000000000001,
        -0.56,
        -0.56,
        -0.55,
        -0.54,
        -0.53,
        -0.52,
        -0.52,
        -0.51,
        -0.5,
        -0.49,
        -0.48,
        -0.48,
        -0.47,
        -0.45999999999999996,
        -0.44999999999999996,
        -0.43999999999999995,
        -0.43999999999999995,
        -0.42999999999999994,
        -0.41999999999999993,
        -0.4099999999999999,
        -0.4099999999999999,
        -0.3999999999999999,
        -0.3899999999999999,
        -0.3799999999999999,
        -0.3799999999999999,
        -0.3700000000000001,
        -0.3600000000000001,
        -0.3600000000000001,
        -0.3500000000000001,
        -0.3400000000000001,
        -0.3400000000000001,
        -0.33000000000000007,
        -0.32000000000000006,
        -0.32000000000000006,
        -0.31000000000000005,
        -0.30000000000000004,
        -0.30000000000000004,
        -0.29000000000000004,
        -0.28,
        -0.28,
        -0.27,
        -0.26,
        -0.26,
