{
  "index": 0,
  "name": "Instrument 1",
  "presetName": "FACTORY keys (snappy)",
  "volume": 1,
  "delay": {
    "enabled": true,
    "type": 0,
    "cutoff": 880,
    "feedback": 0.2,
    "offset": 0,
    "time": 0.5
  },
  "filter": {
    "enabled": false,
    "depth": 50,
    "frequency": 880,
    "q": 5,
    "speed": 0.5,
    "lfoType": "off",
    "type": "lowpass"
  },
  "oscillators": [
    {
      "enabled": true,
      "adsr": {
        "attack": 0,
        "decay": 0.12,
        "sustain": 0,
        "release": 0.22
      },
      "detune": 0,
      "fineShift": 0,
      "octaveShift": 0,
      "volume": 1,
      "waveform": "CUSTOM",
      "table": [
        0,
        -0.0038909912109375,
        -0.007781982421875,
        -0.0116729736328125,
        -0.01556396484375,
        -0.0194549560546875,
        -0.023345947265625,
        -0.0272369384765625,
        -0.0311279296875,
        -0.0350189208984375,
        -0.038909912109375,
        -0.0428009033203125,
        -0.04669189453125,
        -0.0505828857421875,
        -0.054473876953125,
        -0.0583648681640625,
        -0.062255859375,
        -0.0661468505859375,
        -0.070037841796875,
        -0.0739288330078125,
        -0.07781982421875,
        -0.0817108154296875,
        -0.085601806640625,
        -0.0894927978515625,
        -0.0933837890625,
        -0.0972747802734375,
        -0.101165771484375,
        -0.1050567626953125,
        -0.10894775390625,
        -0.1128387451171875,
        -0.116729736328125,
        -0.1206207275390625,
        -0.12451171875,
        -0.1284027099609375,
        -0.132293701171875,
        -0.1361846923828125,
        -0.14007568359375,
        -0.1439666748046875,
        -0.147857666015625,
        -0.1517486572265625,
        0.76,
        0.76,
        0.76,
        0.76,
        0.76,
        0.76,
        0.76,
        0.76,
        0.76,
        0.76,
        0.76,
        0.76,
        0.77,
        0.77,
        0.77,
        0.77,
        0.77,
        0.77,
        0.77,
        0.77,
        0.77,
        0.77,
        0.77,
        0.77,
        0.77,
        0.77,
        0.78,
        0.78,
        0.78,
        0.78,
        0.78,
        0.78,
        0.78,
        0.79,
        0.79,
        0.79,
        0.79,
        0.79,
        0.79,
        0.8,
        0.8,
        0.8,
        0.8,
        0.8,
        0.8,
        0.8,
        0.8,
        0.8,
        0.81,
        0.81,
        0.81,
        0.81,
        0.81,
        0.81,
        0.81,
        0.81,
        0.81,
        0.8200000000000001,
        0.8200000000000001,
        0.8200000000000001,
        0.8200000000000001,
        0.8200000000000001,
        0.8200000000000001,
        0.8200000000000001,
        0.8200000000000001,
        0.8200000000000001,
        0.8200000000000001,
        0.8200000000000001,
        0.8200000000000001,
        0.8200000000000001,
        0.8200000000000001,
        0.8200000000000001,
        0.8200000000000001,
        0.8200000000000001,
        0.8200000000000001,
        0.8200000000000001,
        0.8200000000000001,
        0.8200000000000001,
        0.8200000000000001,
        0.8200000000000001,
        0.8200000000000001,
        0.8200000000000001,
        0.8200000000000001,
        0.8200000000000001,
        0.8200000000000001,
        0.8200000000000001,
        0.8200000000000001,
        0.8200000000000001,
        0.8200000000000001,
        0.8200000000000001,
        0.8200000000000001,
        0.8200000000000001,
        0.8200000000000001,
        0.8200000000000001,
        0.8200000000000001,
        0.8200000000000001,
        0.8200000000000001,
        0.8200000000000001,
        0.8200000000000001,
        0.8200000000000001,
        0.8200000000000001,
        0.8200000000000001,
        0.8200000000000001,
        0.8200000000000001,
        0.8200000000000001,
        0.8200000000000001,
        0.8200000000000001,
        0.8200000000000001,
        0.8200000000000001,
        0.8200000000000001,
        0.8200000000000001,
        0.8200000000000001,
        0.8200000000000001,
        0.8200000000000001,
        0.8200000000000001,
        0.8200000000000001,
        0.8200000000000001,
        0.8200000000000001,
        0.8200000000000001,
        0.8200000000000001,
        0.8200000000000001,
        0.8200000000000001,
        0.8200000000000001,
        0.8200000000000001,
        0.8200000000000001,
        0.8200000000000001,
        0.8200000000000001,
        0.8200000000000001,
        0.8200000000000001,
        0.8200000000000001,
        0.8200000000000001,
        0.81,
        0.81,
        0.81,
        0.81,
        0.81,
        0.81,
        0.81,
        0.81,
        0.81,
        0.81,
        0.81,
        0.81,
        0.81,
        0.8,
        0.8,
        0.8,
        0.8,
        0.8,
        0.79,
        0.79,
        0.79,
        0.79,
        0.79,
        0.78,
        0.78,
        0.78,
        0.78,
        0.78,
        0.78,
        0.78,
        0.78,
        0.77,
        0.77,
        0.77,
        0.76,
        0.76,
        0.76,
        0.75,
        0.75,
        0.75,
        0.75,
        0.74,
        0.73,
        0.72,
        0.71,
        0.7,
        0.6799999999999999,
        -0.1200000000000001,
        -0.25,
        -0.28,
        -0.32000000000000006,
        -0.3500000000000001,
        -0.3899999999999999,
        -0.3999999999999999,
        -0.4099999999999999,
        -0.41999999999999993,
        -0.42999999999999994,
        -0.43999999999999995,
        -0.44999999999999996,
        -0.45999999999999996,
        -0.45999999999999996,
        -0.47,
        -0.47,
        -0.48,
        -0.48,
        -0.49,
        -0.49,
        -0.49,
        -0.5,
        -0.5,
        -0.5,
        -0.51,
        -0.51,
        -0.51,
        -0.52,
        -0.52,
        -0.53,
        -0.53,
        -0.53,
        -0.53,
        -0.53,
        -0.53,
        -0.54,
        -0.54,
        -0.54,
        -0.54,
        -0.54,
        -0.55,
        -0.55,
        -0.55,
        -0.55,
        -0.55,
        -0.56,
        -0.56,
        -0.56,
        -0.56,
        -0.56,
        -0.5700000000000001,
        -0.5700000000000001,
        -0.5700000000000001,
        -0.5700000000000001,
        -0.5700000000000001,
        -0.5700000000000001,
        -0.5700000000000001,
        -0.5700000000000001,
        -0.5700000000000001,
        -0.5700000000000001,
        -0.5700000000000001,
        -0.5700000000000001,
        -0.5700000000000001,
        -0.5700000000000001,
        -0.5700000000000001,
        -0.5700000000000001,
        -0.5700000000000001,
        -0.5700000000000001,
        -0.5700000000000001,
        -0.5700000000000001,
        -0.5700000000000001,
        -0.5700000000000001,
        -0.5700000000000001,
        -0.5700000000000001,
        -0.5700000000000001,
        -0.5700000000000001,
        -0.5700000000000001,
        -0.5700000000000001,
        -0.5700000000000001,
        -0.5700000000000001,
        -0.5700000000000001,
        -0.5700000000000001,
        -0.5700000000000001,
        -0.5700000000000001,
        -0.5700000000000001,
        -0.5700000000000001,
        -0.5700000000000001,
        -0.5700000000000001,
        -0.5700000000000001,
        -0.5700000000000001,
        -0.5700000000000001,
        -0.5700000000000001,
        -0.5700000000000001,
        -0.56,
        -0.56,
        -0.56,
        -0.56,
        -0.56,
        -0.56,
        -0.56,
        -0.55,
        -0.55,
        -0.55,
        -0.55,
        -0.55,
        -0.55,
        -0.55,
        -0.54,
        -0.54,
        -0.54,
        -0.54,
        -0.54,
        -0.54,
        -0.54,
        -0.54,
        -0.54,
        -0.54,
        -0.54,
        -0.53,
        -0.53,
        -0.53,
        -0.52,
        -0.52,
        -0.52,
        -0.51,
        -0.51,
        -0.51,
        -0.51,
